ID,Insumo_ID,Cantidad,Estado,Fecha_Emision,Fecha_Recepcion
1,4,84,Recibida,2026-04-15 18:07:20,2026-04-18 18:07:20
2,1,159,Recibida,2026-03-24 12:35:39,2026-03-28 12:35:39
3,4,197,Recibida,2026-05-02 15:43:29,2026-05-04 15:43:29
4,3,98,Recibida,2026-05-01 19:57:21,2026-05-02 19:57:21
5,2,199,Recibida,2026-01-27 18:41:27,2026-01-31 18:41:27
6,7,140,Recibida,2026-06-19 19:54:51,2026-06-23 19:54:51
7,4,141,Recibida,2026-05-19 14:20:08,2026-05-22 14:20:08
8,9,139,Recibida,2026-01-14 09:57:08,2026-01-16 09:57:08
9,1,90,Recibida,2026-04-15 19:06:43,2026-04-16 19:06:43
10,2,63,Recibida,2026-04-18 15:03:01,2026-04-20 15:03:01
11,3,171,Recibida,2026-02-04 13:28:17,2026-02-06 13:28:17
12,7,199,Recibida,2026-02-04 15:13:22,2026-02-08 15:13:22
13,4,197,Recibida,2026-05-16 09:46:52,2026-05-20 09:46:52
14,7,98,Recibida,2026-04-13 16:28:14,2026-04-14 16:28:14
15,1,90,Recibida,2026-01-24 08:43:07,2026-01-28 08:43:07
16,4,50,Recibida,2026-03-03 08:58:04,2026-03-05 08:58:04
17,7,57,Recibida,2026-04-07 16:07:11,2026-04-09 16:07:11
18,2,44,Recibida,2026-06-24 12:34:43,2026-06-28 12:34:43
19,7,14,Recibida,2026-01-03 12:46:13,2026-01-06 12:46:13
20,4,51,Recibida,2026-02-23 14:26:08,2026-02-26 14:26:08
21,3,105,Recibida,2026-04-13 10:31:38,2026-04-14 10:31:38
22,1,38,Recibida,2026-04-05 14:38:44,2026-04-08 14:38:44
23,3,75,Recibida,2026-04-13 14:58:50,2026-04-15 14:58:50
24,3,117,Recibida,2026-02-13 16:52:05,2026-02-17 16:52:05
25,7,199,Recibida,2026-04-20 18:57:54,2026-04-24 18:57:54
26,9,12,Recibida,2026-01-01 16:26:56,2026-01-05 16:26:56
27,1,181,Recibida,2026-06-08 18:08:36,2026-06-09 18:08:36
28,2,195,Recibida,2026-03-22 15:40:51,2026-03-23 15:40:51
29,9,122,Recibida,2026-04-12 14:01:02,2026-04-13 14:01:02
30,2,96,Recibida,2026-01-27 08:01:01,2026-01-31 08:01:01
31,3,169,Recibida,2026-05-01 08:18:01,2026-05-02 08:18:01
32,1,154,Recibida,2026-06-23 11:54:10,2026-06-27 11:54:10
33,2,148,Recibida,2026-06-24 12:51:33,2026-06-26 12:51:33
34,9,12,Recibida,2026-01-09 19:58:05,2026-01-13 19:58:05
35,1,157,Recibida,2026-04-27 11:18:25,2026-04-30 11:18:25
36,7,20,Recibida,2026-04-09 08:39:38,2026-04-11 08:39:38
37,2,51,Recibida,2026-04-25 16:49:22,2026-04-28 16:49:22
38,7,69,Recibida,2026-03-07 19:15:25,2026-03-11 19:15:25
39,9,169,Recibida,2026-01-02 08:47:11,2026-01-03 08:47:11
40,1,157,Recibida,2026-03-23 16:40:34,2026-03-26 16:40:34
41,7,173,Recibida,2026-06-24 08:23:51,2026-06-27 08:23:51
42,7,108,Recibida,2026-06-08 11:34:47,2026-06-10 11:34:47
43,9,178,Recibida,2026-01-18 09:01:53,2026-01-21 09:01:53
44,3,137,Recibida,2026-04-01 11:32:13,2026-04-02 11:32:13
45,1,128,Recibida,2026-03-17 08:47:11,2026-03-20 08:47:11
46,2,17,Recibida,2026-06-14 13:37:44,2026-06-17 13:37:44
47,3,120,Recibida,2026-03-27 09:20:29,2026-03-28 09:20:29
48,1,58,Recibida,2026-01-05 19:47:18,2026-01-09 19:47:18
49,9,15,Recibida,2026-01-12 19:29:28,2026-01-14 19:29:28
50,2,190,Recibida,2026-03-09 12:23:28,2026-03-10 12:23:28
51,7,76,Recibida,2026-03-01 11:20:31,2026-03-04 11:20:31
52,1,113,Recibida,2026-02-25 17:30:53,2026-02-27 17:30:53
53,4,136,Recibida,2026-06-24 09:31:46,2026-06-26 09:31:46
54,7,146,Recibida,2026-03-10 09:25:16,2026-03-14 09:25:16
55,4,108,Recibida,2026-03-22 14:28:41,2026-03-25 14:28:41
56,7,45,Recibida,2026-02-25 15:12:59,2026-02-27 15:12:59
57,2,124,Recibida,2026-05-20 08:07:45,2026-05-24 08:07:45
58,2,60,Recibida,2026-04-02 09:31:22,2026-04-05 09:31:22
59,7,189,Recibida,2026-01-26 13:57:57,2026-01-28 13:57:57
60,7,17,Recibida,2026-02-06 13:42:59,2026-02-07 13:42:59
61,2,118,Recibida,2026-05-12 19:04:38,2026-05-16 19:04:38
62,9,123,Recibida,2026-04-15 10:54:39,2026-04-19 10:54:39
63,1,101,Recibida,2026-04-10 10:16:55,2026-04-13 10:16:55
64,2,32,Recibida,2026-02-23 17:36:25,2026-02-24 17:36:25
65,7,43,Recibida,2026-01-12 12:00:57,2026-01-14 12:00:57
66,7,25,Recibida,2026-06-22 16:39:44,2026-06-23 16:39:44
67,1,85,Recibida,2026-05-07 12:21:28,2026-05-10 12:21:28
68,9,78,Recibida,2026-02-16 10:36:21,2026-02-17 10:36:21
69,4,185,Recibida,2026-01-14 11:04:11,2026-01-18 11:04:11
70,4,19,Recibida,2026-05-07 11:32:29,2026-05-08 11:32:29
71,4,156,Recibida,2026-06-05 11:33:51,2026-06-08 11:33:51
72,4,137,Recibida,2026-02-01 15:04:44,2026-02-05 15:04:44
73,3,42,Recibida,2026-03-20 15:11:49,2026-03-23 15:11:49
74,7,170,Recibida,2026-01-19 18:36:11,2026-01-22 18:36:11
75,2,139,Recibida,2026-02-11 19:28:12,2026-02-15 19:28:12
76,4,17,Recibida,2026-05-19 09:34:22,2026-05-20 09:34:22
77,7,144,Recibida,2026-05-26 17:25:33,2026-05-29 17:25:33
78,9,129,Recibida,2026-04-26 12:49:44,2026-04-29 12:49:44
79,9,161,Recibida,2026-04-25 12:56:35,2026-04-27 12:56:35
80,7,105,Recibida,2026-03-17 10:47:35,2026-03-19 10:47:35
81,7,108,Recibida,2026-06-05 19:48:54,2026-06-06 19:48:54
82,2,150,Recibida,2026-01-17 08:19:47,2026-01-18 08:19:47
83,7,156,Recibida,2026-03-19 08:35:11,2026-03-20 08:35:11
84,3,92,Recibida,2026-04-09 14:27:13,2026-04-12 14:27:13
85,7,189,Recibida,2026-02-15 12:04:34,2026-02-19 12:04:34
86,7,48,Recibida,2026-03-21 11:52:22,2026-03-25 11:52:22
87,4,142,Recibida,2026-05-21 17:57:38,2026-05-23 17:57:38
88,3,18,Recibida,2026-03-23 18:10:17,2026-03-26 18:10:17
89,2,150,Recibida,2026-02-26 19:16:37,2026-03-01 19:16:37
90,9,38,Recibida,2026-02-09 09:26:57,2026-02-11 09:26:57
91,7,95,Recibida,2026-05-06 10:07:47,2026-05-07 10:07:47
92,3,79,Recibida,2026-04-17 14:24:44,2026-04-21 14:24:44
93,4,99,Recibida,2026-04-19 19:53:38,2026-04-22 19:53:38
94,3,135,Recibida,2026-03-07 10:44:12,2026-03-09 10:44:12
95,7,140,Recibida,2026-02-20 19:07:40,2026-02-23 19:07:40
96,7,175,Recibida,2026-05-25 19:48:24,2026-05-29 19:48:24
97,9,70,Recibida,2026-05-06 17:43:44,2026-05-10 17:43:44
98,9,173,Recibida,2026-05-16 13:20:10,2026-05-20 13:20:10
99,7,58,Recibida,2026-03-19 11:56:17,2026-03-22 11:56:17
100,1,153,Recibida,2026-06-15 08:52:53,2026-06-17 08:52:53
101,2,161,Recibida,2026-01-11 19:09:31,2026-01-15 19:09:31
102,4,145,Recibida,2026-04-21 15:57:27,2026-04-25 15:57:27
103,3,164,Recibida,2026-02-18 19:27:36,2026-02-19 19:27:36
104,9,166,Recibida,2026-06-17 16:32:52,2026-06-21 16:32:52
105,9,56,Recibida,2026-05-14 10:05:17,2026-05-17 10:05:17
106,1,118,Recibida,2026-01-02 17:55:29,2026-01-04 17:55:29
107,4,186,Recibida,2026-05-23 15:32:53,2026-05-24 15:32:53
108,1,186,Recibida,2026-03-21 17:24:21,2026-03-24 17:24:21
109,7,158,Recibida,2026-05-01 09:40:34,2026-05-04 09:40:34
110,1,190,Recibida,2026-06-17 12:30:04,2026-06-19 12:30:04
111,7,94,Recibida,2026-05-21 12:09:09,2026-05-24 12:09:09
112,3,199,Recibida,2026-06-09 08:50:44,2026-06-10 08:50:44
113,4,171,Recibida,2026-01-17 15:31:33,2026-01-21 15:31:33
114,7,63,Recibida,2026-06-22 10:58:49,2026-06-26 10:58:49
115,9,94,Recibida,2026-04-05 18:56:16,2026-04-09 18:56:16
116,3,47,Recibida,2026-06-02 18:50:38,2026-06-04 18:50:38
117,1,61,Recibida,2026-02-02 09:29:14,2026-02-05 09:29:14
118,2,115,Recibida,2026-01-06 08:23:14,2026-01-10 08:23:14
119,7,83,Recibida,2026-03-17 12:28:03,2026-03-19 12:28:03
120,9,135,Recibida,2026-01-20 15:04:33,2026-01-22 15:04:33
121,1,127,Recibida,2026-03-11 18:50:46,2026-03-12 18:50:46
122,1,164,Recibida,2026-04-08 11:55:24,2026-04-11 11:55:24
123,9,101,Recibida,2026-05-18 17:50:18,2026-05-19 17:50:18
124,7,21,Recibida,2026-02-22 12:05:00,2026-02-23 12:05:00
125,9,164,Recibida,2026-02-14 09:48:13,2026-02-16 09:48:13
126,2,116,Recibida,2026-01-26 16:46:56,2026-01-28 16:46:56
127,7,108,Recibida,2026-05-17 17:35:00,2026-05-21 17:35:00
128,3,87,Recibida,2026-05-20 15:21:13,2026-05-22 15:21:13
129,1,16,Recibida,2026-02-13 17:13:58,2026-02-17 17:13:58
130,3,27,Recibida,2026-03-15 14:45:42,2026-03-18 14:45:42
131,7,128,Recibida,2026-02-06 10:50:14,2026-02-10 10:50:14
132,2,135,Recibida,2026-05-10 14:56:16,2026-05-13 14:56:16
133,3,147,Recibida,2026-04-25 08:12:19,2026-04-26 08:12:19
134,2,43,Recibida,2026-03-09 09:46:35,2026-03-12 09:46:35
135,2,189,Recibida,2026-01-12 10:41:40,2026-01-13 10:41:40
136,2,130,Recibida,2026-02-02 18:55:58,2026-02-03 18:55:58
137,3,103,Recibida,2026-01-21 13:20:05,2026-01-23 13:20:05
138,1,40,Recibida,2026-03-24 14:08:54,2026-03-27 14:08:54
139,3,84,Recibida,2026-05-04 15:30:05,2026-05-06 15:30:05
140,2,188,Recibida,2026-04-15 13:53:48,2026-04-17 13:53:48
141,4,188,Recibida,2026-06-25 09:14:10,2026-06-29 09:14:10
142,3,28,Recibida,2026-05-12 12:05:25,2026-05-14 12:05:25
143,7,99,Recibida,2026-04-01 11:48:11,2026-04-04 11:48:11
144,1,12,Recibida,2026-06-06 12:10:35,2026-06-07 12:10:35
145,4,181,Recibida,2026-01-06 09:55:09,2026-01-07 09:55:09
146,9,82,Recibida,2026-02-13 15:01:19,2026-02-14 15:01:19
147,1,103,Recibida,2026-01-09 18:14:23,2026-01-11 18:14:23
148,9,129,Recibida,2026-01-05 19:43:49,2026-01-07 19:43:49
149,7,49,Recibida,2026-03-09 09:11:34,2026-03-12 09:11:34
150,3,39,Recibida,2026-06-08 18:40:36,2026-06-10 18:40:36
151,2,163,Recibida,2026-03-21 12:04:18,2026-03-24 12:04:18
152,4,49,Recibida,2026-06-04 16:44:41,2026-06-05 16:44:41
153,7,162,Recibida,2026-06-19 13:32:22,2026-06-22 13:32:22
154,1,48,Recibida,2026-01-01 14:01:13,2026-01-02 14:01:13
155,4,24,Recibida,2026-03-06 13:02:06,2026-03-09 13:02:06
156,3,166,Recibida,2026-05-01 11:29:38,2026-05-04 11:29:38
157,7,95,Recibida,2026-06-25 08:36:26,2026-06-28 08:36:26
158,2,47,Recibida,2026-02-10 12:58:09,2026-02-11 12:58:09
159,9,145,Recibida,2026-05-15 11:44:23,2026-05-19 11:44:23
160,1,104,Recibida,2026-05-15 11:11:44,2026-05-17 11:11:44
161,1,78,Recibida,2026-03-19 11:35:25,2026-03-22 11:35:25
162,4,55,Recibida,2026-04-11 17:39:37,2026-04-13 17:39:37
163,4,120,Recibida,2026-03-12 17:12:39,2026-03-14 17:12:39
164,3,142,Recibida,2026-04-11 19:43:35,2026-04-15 19:43:35
165,4,146,Recibida,2026-05-08 17:48:27,2026-05-11 17:48:27
166,7,55,Recibida,2026-06-19 15:40:21,2026-06-22 15:40:21
167,7,10,Recibida,2026-05-21 17:45:35,2026-05-23 17:45:35
168,7,62,Recibida,2026-06-23 10:39:14,2026-06-24 10:39:14
169,7,44,Recibida,2026-01-10 11:56:52,2026-01-12 11:56:52
170,4,171,Recibida,2026-04-25 17:10:37,2026-04-27 17:10:37
171,1,191,Recibida,2026-03-17 18:58:43,2026-03-20 18:58:43
172,7,186,Recibida,2026-01-07 11:05:52,2026-01-11 11:05:52
173,9,58,Recibida,2026-05-11 13:25:27,2026-05-13 13:25:27
174,2,72,Recibida,2026-01-20 16:48:19,2026-01-22 16:48:19
175,9,188,Recibida,2026-05-08 08:06:00,2026-05-12 08:06:00
176,7,182,Recibida,2026-03-24 10:31:29,2026-03-25 10:31:29
177,2,124,Recibida,2026-05-16 15:18:17,2026-05-17 15:18:17
178,2,175,Recibida,2026-02-02 13:27:48,2026-02-04 13:27:48
179,1,41,Recibida,2026-03-04 08:07:28,2026-03-07 08:07:28
180,7,96,Recibida,2026-02-10 10:45:33,2026-02-14 10:45:33
181,7,76,Recibida,2026-04-18 14:28:07,2026-04-19 14:28:07
182,1,60,Recibida,2026-03-08 13:56:46,2026-03-09 13:56:46
183,2,41,Recibida,2026-01-15 15:33:34,2026-01-19 15:33:34
184,9,151,Recibida,2026-06-11 11:51:36,2026-06-13 11:51:36
185,9,156,Recibida,2026-02-07 17:06:32,2026-02-10 17:06:32
186,4,138,Recibida,2026-05-19 11:28:59,2026-05-21 11:28:59
187,3,29,Recibida,2026-05-20 18:41:01,2026-05-23 18:41:01
188,9,181,Recibida,2026-05-05 13:29:08,2026-05-07 13:29:08
189,7,167,Recibida,2026-03-20 17:21:43,2026-03-24 17:21:43
190,1,23,Recibida,2026-03-14 14:31:16,2026-03-16 14:31:16
191,7,31,Recibida,2026-01-08 09:44:24,2026-01-11 09:44:24
192,9,107,Recibida,2026-03-14 11:25:57,2026-03-15 11:25:57
193,3,50,Recibida,2026-05-11 13:17:20,2026-05-13 13:17:20
194,4,85,Recibida,2026-06-02 08:36:24,2026-06-04 08:36:24
195,2,177,Recibida,2026-05-10 13:20:26,2026-05-11 13:20:26
196,9,154,Recibida,2026-02-12 16:52:06,2026-02-14 16:52:06
197,4,63,Recibida,2026-02-21 19:57:45,2026-02-25 19:57:45
198,4,38,Recibida,2026-03-01 10:52:35,2026-03-04 10:52:35
199,1,48,Recibida,2026-05-11 15:10:35,2026-05-12 15:10:35
200,2,159,Recibida,2026-03-22 09:54:46,2026-03-26 09:54:46
201,3,90,Recibida,2026-05-24 08:57:35,2026-05-27 08:57:35
202,4,82,Recibida,2026-06-27 18:33:08,2026-06-29 18:33:08
203,1,113,Recibida,2026-01-08 08:00:24,2026-01-09 08:00:24
204,9,117,Recibida,2026-02-25 14:34:02,2026-02-27 14:34:02
205,9,53,Recibida,2026-04-19 13:33:11,2026-04-22 13:33:11
206,7,56,Recibida,2026-03-27 08:16:09,2026-03-28 08:16:09
207,9,90,Recibida,2026-04-16 15:18:07,2026-04-19 15:18:07
208,7,21,Recibida,2026-05-22 13:07:24,2026-05-24 13:07:24
209,4,25,Recibida,2026-03-26 16:44:25,2026-03-29 16:44:25
210,2,88,Recibida,2026-01-23 17:20:21,2026-01-25 17:20:21
211,4,68,Recibida,2026-05-07 16:50:47,2026-05-11 16:50:47
212,1,112,Recibida,2026-05-18 11:38:34,2026-05-20 11:38:34
213,9,107,Recibida,2026-01-14 15:34:43,2026-01-18 15:34:43
214,3,48,Recibida,2026-03-05 18:39:25,2026-03-08 18:39:25
215,7,25,Recibida,2026-01-04 13:24:12,2026-01-06 13:24:12
216,4,43,Recibida,2026-05-10 19:01:54,2026-05-13 19:01:54
217,1,132,Recibida,2026-06-27 14:12:12,2026-06-29 14:12:12
218,7,25,Recibida,2026-06-20 08:28:52,2026-06-24 08:28:52
219,3,142,Recibida,2026-04-15 16:09:29,2026-04-16 16:09:29
220,2,77,Recibida,2026-01-17 10:44:13,2026-01-21 10:44:13
221,2,82,Recibida,2026-02-05 16:47:00,2026-02-06 16:47:00
222,4,46,Recibida,2026-01-25 15:03:11,2026-01-28 15:03:11
223,2,97,Recibida,2026-05-05 18:59:05,2026-05-08 18:59:05
224,3,68,Recibida,2026-03-13 09:24:06,2026-03-17 09:24:06
225,4,116,Recibida,2026-04-22 12:50:44,2026-04-24 12:50:44
226,1,129,Recibida,2026-02-25 17:40:48,2026-02-27 17:40:48
227,7,18,Recibida,2026-06-05 12:53:46,2026-06-08 12:53:46
228,1,187,Recibida,2026-03-20 17:48:58,2026-03-22 17:48:58
229,2,22,Recibida,2026-02-17 15:02:31,2026-02-20 15:02:31
230,9,107,Recibida,2026-05-15 16:08:03,2026-05-17 16:08:03
231,9,146,Recibida,2026-03-09 15:02:58,2026-03-13 15:02:58
232,7,14,Recibida,2026-03-25 09:11:41,2026-03-26 09:11:41
233,2,81,Recibida,2026-03-27 09:23:59,2026-03-30 09:23:59
234,3,185,Recibida,2026-03-05 17:17:05,2026-03-06 17:17:05
235,2,102,Recibida,2026-05-05 08:49:39,2026-05-06 08:49:39
236,1,42,Recibida,2026-03-26 10:55:39,2026-03-28 10:55:39
237,7,68,Recibida,2026-06-24 10:15:39,2026-06-28 10:15:39
238,7,190,Recibida,2026-03-16 16:12:42,2026-03-17 16:12:42
239,9,54,Recibida,2026-02-04 18:37:59,2026-02-07 18:37:59
240,4,169,Recibida,2026-02-25 10:30:22,2026-02-27 10:30:22
241,4,86,Recibida,2026-03-21 14:30:17,2026-03-25 14:30:17
242,2,164,Recibida,2026-05-12 14:01:31,2026-05-13 14:01:31
243,3,97,Recibida,2026-01-09 08:39:30,2026-01-11 08:39:30
244,4,72,Recibida,2026-05-03 13:18:29,2026-05-06 13:18:29
245,3,105,Recibida,2026-04-15 12:28:21,2026-04-19 12:28:21
246,2,154,Recibida,2026-04-18 11:26:16,2026-04-22 11:26:16
247,1,59,Recibida,2026-02-22 08:21:25,2026-02-26 08:21:25
248,3,134,Recibida,2026-06-15 19:35:58,2026-06-18 19:35:58
249,1,67,Recibida,2026-04-07 18:32:05,2026-04-10 18:32:05
250,1,150,Recibida,2026-02-02 09:28:03,2026-02-03 09:28:03
251,3,41,Recibida,2026-01-07 14:28:28,2026-01-10 14:28:28
252,1,90,Recibida,2026-02-15 11:21:10,2026-02-18 11:21:10
253,9,196,Recibida,2026-06-12 15:27:28,2026-06-13 15:27:28
254,1,10,Recibida,2026-04-06 10:56:04,2026-04-09 10:56:04
255,3,27,Recibida,2026-02-06 09:34:48,2026-02-07 09:34:48
256,7,154,Recibida,2026-04-16 18:07:59,2026-04-18 18:07:59
257,4,140,Recibida,2026-05-21 15:14:26,2026-05-23 15:14:26
258,1,157,Recibida,2026-05-12 12:23:59,2026-05-14 12:23:59
259,7,135,Recibida,2026-06-15 16:29:13,2026-06-18 16:29:13
260,7,197,Recibida,2026-04-20 11:08:37,2026-04-24 11:08:37
261,1,73,Recibida,2026-06-22 12:52:01,2026-06-26 12:52:01
262,4,119,Recibida,2026-05-17 15:20:17,2026-05-19 15:20:17
263,7,145,Recibida,2026-06-11 16:32:59,2026-06-13 16:32:59
264,3,130,Recibida,2026-03-22 10:23:40,2026-03-23 10:23:40
265,7,177,Recibida,2026-06-15 13:21:27,2026-06-19 13:21:27
266,9,167,Recibida,2026-02-01 09:32:32,2026-02-02 09:32:32
267,4,175,Recibida,2026-01-13 11:25:21,2026-01-16 11:25:21
268,4,128,Recibida,2026-02-14 17:49:14,2026-02-16 17:49:14
269,2,18,Recibida,2026-04-17 15:10:02,2026-04-20 15:10:02
270,4,17,Recibida,2026-06-09 14:30:31,2026-06-10 14:30:31
271,3,143,Recibida,2026-02-20 18:06:10,2026-02-24 18:06:10
272,4,23,Recibida,2026-02-22 17:02:40,2026-02-26 17:02:40
273,9,34,Recibida,2026-03-18 13:11:22,2026-03-22 13:11:22
274,3,182,Recibida,2026-05-19 17:18:54,2026-05-21 17:18:54
275,3,91,Recibida,2026-05-23 12:54:31,2026-05-26 12:54:31
276,7,68,Recibida,2026-06-18 10:21:36,2026-06-22 10:21:36
277,7,144,Recibida,2026-03-10 10:34:28,2026-03-12 10:34:28
278,3,46,Recibida,2026-04-17 12:30:57,2026-04-18 12:30:57
279,7,188,Recibida,2026-04-12 11:59:23,2026-04-14 11:59:23
280,3,75,Recibida,2026-01-04 17:52:33,2026-01-08 17:52:33
281,1,195,Recibida,2026-02-04 13:38:41,2026-02-07 13:38:41
282,9,152,Recibida,2026-06-12 10:44:17,2026-06-16 10:44:17
283,2,96,Recibida,2026-01-03 17:07:35,2026-01-07 17:07:35
284,2,50,Recibida,2026-02-12 09:54:36,2026-02-13 09:54:36
285,7,93,Recibida,2026-06-22 19:46:13,2026-06-26 19:46:13
286,7,37,Recibida,2026-02-07 13:16:58,2026-02-08 13:16:58
287,3,193,Recibida,2026-02-03 12:04:00,2026-02-07 12:04:00
288,4,127,Recibida,2026-04-13 14:46:30,2026-04-16 14:46:30
289,2,114,Recibida,2026-06-16 17:28:09,2026-06-20 17:28:09
290,7,66,Recibida,2026-01-05 11:07:42,2026-01-09 11:07:42
291,9,174,Recibida,2026-06-20 19:56:42,2026-06-21 19:56:42
292,2,117,Recibida,2026-01-17 15:43:55,2026-01-21 15:43:55
293,9,29,Recibida,2026-03-20 09:13:01,2026-03-21 09:13:01
294,9,68,Recibida,2026-02-01 14:34:05,2026-02-02 14:34:05
295,4,29,Recibida,2026-05-01 08:50:13,2026-05-05 08:50:13
296,4,59,Recibida,2026-05-18 15:58:42,2026-05-20 15:58:42
297,1,187,Recibida,2026-05-25 14:30:55,2026-05-28 14:30:55
298,4,133,Recibida,2026-04-06 11:22:44,2026-04-10 11:22:44
299,2,14,Recibida,2026-02-21 08:54:07,2026-02-22 08:54:07
300,4,180,Recibida,2026-06-15 09:00:54,2026-06-18 09:00:54
301,7,85,Recibida,2026-02-18 09:16:25,2026-02-22 09:16:25
302,7,156,Recibida,2026-03-08 16:45:03,2026-03-09 16:45:03
303,3,72,Recibida,2026-06-21 12:40:25,2026-06-23 12:40:25
304,7,86,Recibida,2026-01-01 16:24:47,2026-01-02 16:24:47
305,3,111,Recibida,2026-01-11 11:33:37,2026-01-13 11:33:37
306,1,118,Recibida,2026-03-06 09:17:12,2026-03-07 09:17:12
307,9,152,Recibida,2026-03-01 15:53:06,2026-03-02 15:53:06
308,1,69,Recibida,2026-01-12 17:06:14,2026-01-13 17:06:14
309,1,181,Recibida,2026-05-25 08:48:31,2026-05-26 08:48:31
310,2,83,Recibida,2026-06-26 18:34:07,2026-06-28 18:34:07
311,4,165,Recibida,2026-02-14 16:02:20,2026-02-16 16:02:20
312,9,53,Recibida,2026-05-26 16:11:04,2026-05-28 16:11:04
313,2,117,Recibida,2026-04-15 18:47:22,2026-04-17 18:47:22
314,9,133,Recibida,2026-03-11 12:22:42,2026-03-14 12:22:42
315,9,150,Recibida,2026-01-04 18:50:14,2026-01-08 18:50:14
316,9,61,Recibida,2026-06-19 09:13:03,2026-06-23 09:13:03
317,4,173,Recibida,2026-06-27 19:34:07,2026-07-01 19:34:07
318,4,98,Recibida,2026-06-18 09:48:12,2026-06-22 09:48:12
319,9,168,Recibida,2026-06-11 14:30:43,2026-06-13 14:30:43
320,3,127,Recibida,2026-01-10 17:55:35,2026-01-14 17:55:35
321,1,150,Recibida,2026-06-01 19:55:44,2026-06-03 19:55:44
322,4,18,Recibida,2026-06-22 12:21:27,2026-06-23 12:21:27
323,7,163,Recibida,2026-02-24 17:56:41,2026-02-28 17:56:41
324,3,69,Recibida,2026-03-05 11:49:23,2026-03-08 11:49:23
325,7,192,Recibida,2026-02-25 09:18:35,2026-02-27 09:18:35
326,7,128,Recibida,2026-02-05 08:34:43,2026-02-07 08:34:43
327,1,169,Recibida,2026-05-17 13:47:36,2026-05-20 13:47:36
328,7,162,Recibida,2026-03-10 16:13:12,2026-03-11 16:13:12
329,4,127,Recibida,2026-02-03 14:20:17,2026-02-06 14:20:17
330,3,55,Recibida,2026-05-07 16:48:10,2026-05-10 16:48:10
331,9,45,Recibida,2026-03-04 17:37:41,2026-03-08 17:37:41
332,7,132,Recibida,2026-05-01 11:02:08,2026-05-05 11:02:08
333,3,139,Recibida,2026-06-09 14:03:12,2026-06-10 14:03:12
334,2,59,Recibida,2026-04-05 19:26:31,2026-04-06 19:26:31
335,2,139,Recibida,2026-03-22 19:57:02,2026-03-24 19:57:02
336,2,125,Recibida,2026-04-02 13:16:34,2026-04-04 13:16:34
337,9,40,Recibida,2026-06-12 17:35:04,2026-06-13 17:35:04
338,3,154,Recibida,2026-01-23 17:29:56,2026-01-26 17:29:56
339,9,32,Recibida,2026-04-08 11:02:15,2026-04-10 11:02:15
340,3,74,Recibida,2026-04-19 15:53:04,2026-04-23 15:53:04
341,7,25,Recibida,2026-01-21 11:05:21,2026-01-23 11:05:21
342,7,160,Recibida,2026-04-06 11:33:13,2026-04-10 11:33:13
343,1,84,Recibida,2026-02-13 09:40:20,2026-02-15 09:40:20
344,2,172,Recibida,2026-03-20 14:25:03,2026-03-22 14:25:03
345,4,21,Recibida,2026-06-11 13:59:36,2026-06-15 13:59:36
346,2,167,Recibida,2026-01-10 13:17:44,2026-01-13 13:17:44
347,2,82,Recibida,2026-06-06 10:15:06,2026-06-10 10:15:06
348,4,29,Recibida,2026-05-03 09:26:01,2026-05-06 09:26:01
349,2,42,Recibida,2026-02-10 16:01:24,2026-02-11 16:01:24
350,2,134,Recibida,2026-04-14 08:45:15,2026-04-16 08:45:15
351,9,126,Recibida,2026-04-03 10:40:05,2026-04-04 10:40:05
352,3,182,Recibida,2026-02-08 12:33:03,2026-02-09 12:33:03
353,3,155,Recibida,2026-04-12 19:12:30,2026-04-14 19:12:30
354,1,40,Recibida,2026-05-06 18:01:59,2026-05-09 18:01:59
355,4,135,Recibida,2026-03-05 10:33:09,2026-03-06 10:33:09
356,1,146,Recibida,2026-03-18 15:14:08,2026-03-21 15:14:08
357,3,106,Recibida,2026-03-21 16:27:45,2026-03-24 16:27:45
358,3,61,Recibida,2026-04-04 14:39:16,2026-04-05 14:39:16
359,4,72,Recibida,2026-05-20 11:59:37,2026-05-23 11:59:37
360,2,23,Recibida,2026-05-20 10:06:26,2026-05-24 10:06:26
361,1,158,Recibida,2026-05-22 12:54:01,2026-05-24 12:54:01
362,9,74,Recibida,2026-06-06 12:09:22,2026-06-08 12:09:22
363,9,91,Recibida,2026-05-21 17:49:44,2026-05-22 17:49:44
364,3,148,Recibida,2026-05-13 11:16:34,2026-05-14 11:16:34
365,3,43,Recibida,2026-05-20 14:52:25,2026-05-22 14:52:25
366,7,189,Recibida,2026-04-16 19:17:39,2026-04-19 19:17:39
367,7,114,Recibida,2026-05-06 17:20:41,2026-05-07 17:20:41
368,3,57,Recibida,2026-01-24 16:40:00,2026-01-26 16:40:00
369,3,30,Recibida,2026-05-01 17:49:57,2026-05-05 17:49:57
370,2,186,Recibida,2026-04-11 14:33:07,2026-04-14 14:33:07
371,3,96,Recibida,2026-01-23 15:44:18,2026-01-24 15:44:18
372,7,118,Recibida,2026-05-08 15:56:22,2026-05-11 15:56:22
373,3,30,Recibida,2026-03-24 10:23:16,2026-03-25 10:23:16
374,1,144,Recibida,2026-02-14 11:10:51,2026-02-17 11:10:51
375,2,105,Recibida,2026-03-19 18:57:04,2026-03-20 18:57:04
376,7,82,Recibida,2026-02-06 19:16:30,2026-02-10 19:16:30
377,2,77,Recibida,2026-02-15 09:02:48,2026-02-19 09:02:48
378,2,123,Recibida,2026-06-09 16:24:57,2026-06-12 16:24:57
379,4,127,Recibida,2026-02-21 11:11:26,2026-02-25 11:11:26
380,7,177,Recibida,2026-05-21 19:33:10,2026-05-23 19:33:10
381,2,133,Recibida,2026-02-23 16:24:39,2026-02-26 16:24:39
382,3,181,Recibida,2026-02-25 09:21:51,2026-02-27 09:21:51
383,4,41,Recibida,2026-03-14 08:55:20,2026-03-17 08:55:20
384,4,158,Recibida,2026-06-23 14:48:11,2026-06-24 14:48:11
385,3,95,Recibida,2026-05-21 15:45:39,2026-05-23 15:45:39
386,9,11,Recibida,2026-06-11 16:21:27,2026-06-12 16:21:27
387,1,160,Recibida,2026-05-21 11:26:49,2026-05-24 11:26:49
388,7,193,Recibida,2026-04-13 13:42:36,2026-04-14 13:42:36
389,3,120,Recibida,2026-03-22 10:22:28,2026-03-24 10:22:28
390,7,117,Recibida,2026-01-05 15:41:57,2026-01-09 15:41:57
391,4,107,Recibida,2026-05-03 08:03:39,2026-05-06 08:03:39
392,1,164,Recibida,2026-03-25 17:20:45,2026-03-28 17:20:45
393,4,99,Recibida,2026-02-09 16:51:35,2026-02-11 16:51:35
394,7,171,Recibida,2026-02-22 19:16:13,2026-02-24 19:16:13
395,2,65,Recibida,2026-05-25 11:10:15,2026-05-28 11:10:15
396,3,29,Recibida,2026-03-05 17:03:46,2026-03-06 17:03:46
397,2,63,Recibida,2026-02-24 13:34:25,2026-02-25 13:34:25
398,7,182,Recibida,2026-05-10 13:45:03,2026-05-14 13:45:03
399,2,12,Recibida,2026-04-17 14:06:03,2026-04-18 14:06:03
400,2,33,Recibida,2026-05-16 17:54:51,2026-05-20 17:54:51
401,1,58,Recibida,2026-02-18 10:30:59,2026-02-22 10:30:59
402,2,67,Recibida,2026-06-19 13:23:44,2026-06-23 13:23:44
403,3,103,Recibida,2026-06-21 11:18:47,2026-06-22 11:18:47
404,1,56,Recibida,2026-01-23 08:17:51,2026-01-24 08:17:51
405,7,13,Recibida,2026-03-25 19:53:44,2026-03-26 19:53:44
406,2,133,Recibida,2026-04-16 18:14:05,2026-04-19 18:14:05
407,7,70,Recibida,2026-03-07 16:25:15,2026-03-08 16:25:15
408,2,127,Recibida,2026-02-18 10:12:42,2026-02-19 10:12:42
409,9,156,Recibida,2026-05-06 08:58:44,2026-05-09 08:58:44
410,9,58,Recibida,2026-02-03 17:50:04,2026-02-04 17:50:04
411,3,135,Recibida,2026-05-10 12:35:05,2026-05-12 12:35:05
412,2,50,Recibida,2026-02-03 08:23:56,2026-02-07 08:23:56
413,3,161,Recibida,2026-06-14 19:43:59,2026-06-15 19:43:59
414,4,167,Recibida,2026-01-04 12:29:23,2026-01-08 12:29:23
415,4,89,Recibida,2026-06-07 10:54:27,2026-06-09 10:54:27
416,7,54,Recibida,2026-06-10 16:12:05,2026-06-14 16:12:05
417,1,194,Recibida,2026-04-24 18:19:17,2026-04-26 18:19:17
418,2,136,Recibida,2026-05-04 09:32:26,2026-05-07 09:32:26
419,9,179,Recibida,2026-02-24 18:19:23,2026-02-27 18:19:23
420,4,30,Recibida,2026-02-12 15:13:56,2026-02-13 15:13:56
421,7,156,Recibida,2026-02-05 10:22:25,2026-02-06 10:22:25
422,7,170,Recibida,2026-03-25 12:11:56,2026-03-26 12:11:56
423,2,42,Recibida,2026-02-21 11:41:56,2026-02-24 11:41:56
424,7,176,Recibida,2026-01-24 09:27:57,2026-01-27 09:27:57
425,2,107,Recibida,2026-06-17 08:33:05,2026-06-19 08:33:05
426,7,75,Recibida,2026-01-10 12:04:01,2026-01-12 12:04:01
427,2,197,Recibida,2026-02-02 10:38:21,2026-02-06 10:38:21
428,9,29,Recibida,2026-03-10 10:50:48,2026-03-14 10:50:48
429,9,88,Recibida,2026-02-04 11:21:14,2026-02-08 11:21:14
430,7,177,Recibida,2026-06-20 19:13:26,2026-06-21 19:13:26
431,2,140,Recibida,2026-02-26 08:01:24,2026-03-02 08:01:24
432,3,32,Recibida,2026-04-01 17:51:34,2026-04-03 17:51:34
433,1,20,Recibida,2026-01-27 09:42:18,2026-01-28 09:42:18
434,7,173,Recibida,2026-04-10 15:23:59,2026-04-14 15:23:59
435,2,113,Recibida,2026-05-21 15:54:08,2026-05-24 15:54:08
436,4,16,Recibida,2026-02-10 19:19:05,2026-02-14 19:19:05
437,2,170,Recibida,2026-03-13 10:26:49,2026-03-16 10:26:49
438,3,185,Recibida,2026-04-01 14:07:36,2026-04-05 14:07:36
439,2,28,Recibida,2026-03-05 11:29:05,2026-03-07 11:29:05
440,7,72,Recibida,2026-01-12 18:45:54,2026-01-16 18:45:54
441,4,13,Recibida,2026-05-23 12:20:29,2026-05-24 12:20:29
442,1,78,Recibida,2026-04-06 17:30:58,2026-04-09 17:30:58
443,4,163,Recibida,2026-01-03 08:03:24,2026-01-07 08:03:24
444,3,187,Recibida,2026-06-05 10:27:28,2026-06-06 10:27:28
445,4,184,Recibida,2026-06-19 19:43:56,2026-06-22 19:43:56
446,2,140,Recibida,2026-04-12 16:20:23,2026-04-14 16:20:23
447,2,170,Recibida,2026-04-26 12:27:55,2026-04-28 12:27:55
448,4,67,Recibida,2026-05-03 11:33:40,2026-05-06 11:33:40
449,9,117,Recibida,2026-03-25 14:47:21,2026-03-26 14:47:21
450,9,25,Recibida,2026-03-15 18:34:32,2026-03-19 18:34:32
451,2,157,Recibida,2026-02-02 10:39:55,2026-02-06 10:39:55
452,1,13,Recibida,2026-04-01 15:54:22,2026-04-05 15:54:22
453,7,126,Recibida,2026-02-25 13:14:20,2026-02-28 13:14:20
454,7,48,Recibida,2026-05-14 11:13:35,2026-05-18 11:13:35
455,1,143,Recibida,2026-01-03 19:12:14,2026-01-05 19:12:14
456,2,47,Recibida,2026-03-27 14:58:26,2026-03-29 14:58:26
457,2,87,Recibida,2026-06-04 12:07:34,2026-06-07 12:07:34
458,2,163,Recibida,2026-03-20 08:24:39,2026-03-24 08:24:39
459,2,188,Recibida,2026-06-23 13:47:56,2026-06-26 13:47:56
460,9,80,Recibida,2026-03-10 10:08:27,2026-03-14 10:08:27
461,3,28,Recibida,2026-06-09 18:59:54,2026-06-10 18:59:54
462,3,177,Recibida,2026-04-14 15:37:52,2026-04-15 15:37:52
463,2,62,Recibida,2026-01-09 08:55:51,2026-01-10 08:55:51
464,3,77,Recibida,2026-03-09 18:13:29,2026-03-10 18:13:29
465,7,129,Recibida,2026-04-08 09:40:45,2026-04-10 09:40:45
466,2,59,Recibida,2026-05-17 19:34:10,2026-05-21 19:34:10
467,1,181,Recibida,2026-05-21 12:47:19,2026-05-22 12:47:19
468,7,74,Recibida,2026-01-21 16:08:03,2026-01-24 16:08:03
469,2,56,Recibida,2026-05-23 15:11:53,2026-05-27 15:11:53
470,9,60,Recibida,2026-01-19 17:51:28,2026-01-21 17:51:28
471,3,37,Recibida,2026-06-20 16:28:50,2026-06-24 16:28:50
472,3,171,Recibida,2026-04-22 19:44:02,2026-04-24 19:44:02
473,2,15,Recibida,2026-03-23 16:00:07,2026-03-26 16:00:07
474,4,36,Recibida,2026-06-25 09:16:11,2026-06-27 09:16:11
475,7,108,Recibida,2026-03-10 08:56:28,2026-03-11 08:56:28
476,9,58,Recibida,2026-06-03 11:55:48,2026-06-04 11:55:48
477,7,99,Recibida,2026-06-17 15:42:19,2026-06-21 15:42:19
478,2,18,Recibida,2026-05-21 08:41:42,2026-05-23 08:41:42
479,1,68,Recibida,2026-05-17 16:16:23,2026-05-18 16:16:23
480,9,136,Recibida,2026-01-07 18:45:18,2026-01-10 18:45:18
481,3,81,Recibida,2026-06-13 08:39:43,2026-06-16 08:39:43
482,4,112,Recibida,2026-05-21 19:47:32,2026-05-22 19:47:32
483,2,96,Recibida,2026-04-26 12:07:24,2026-04-29 12:07:24
484,4,155,Recibida,2026-06-13 14:48:46,2026-06-17 14:48:46
485,1,165,Recibida,2026-02-04 08:35:17,2026-02-05 08:35:17
486,7,176,Recibida,2026-04-17 08:11:57,2026-04-20 08:11:57
487,9,19,Recibida,2026-02-09 17:01:50,2026-02-12 17:01:50
488,3,12,Recibida,2026-06-18 10:53:08,2026-06-19 10:53:08
489,2,140,Recibida,2026-04-06 18:52:01,2026-04-07 18:52:01
490,3,172,Recibida,2026-06-08 09:16:40,2026-06-10 09:16:40
491,9,71,Recibida,2026-03-01 14:44:14,2026-03-03 14:44:14
492,3,30,Recibida,2026-01-25 14:23:56,2026-01-27 14:23:56
493,7,190,Recibida,2026-06-11 09:35:34,2026-06-12 09:35:34
494,1,165,Recibida,2026-06-26 19:43:33,2026-06-30 19:43:33
495,4,66,Recibida,2026-04-15 16:22:39,2026-04-18 16:22:39
496,4,193,Recibida,2026-06-04 19:32:23,2026-06-07 19:32:23
497,7,56,Recibida,2026-04-05 14:03:36,2026-04-09 14:03:36
498,1,180,Recibida,2026-04-19 17:59:17,2026-04-23 17:59:17
499,9,145,Recibida,2026-03-11 08:48:37,2026-03-15 08:48:37
500,7,40,Recibida,2026-02-16 11:55:11,2026-02-18 11:55:11
501,1,76,Recibida,2026-04-17 09:04:29,2026-04-21 09:04:29
502,2,116,Recibida,2026-03-13 11:25:26,2026-03-15 11:25:26
503,9,152,Recibida,2026-03-10 10:49:05,2026-03-13 10:49:05
504,3,110,Recibida,2026-05-10 12:57:36,2026-05-12 12:57:36
505,7,122,Recibida,2026-03-23 13:03:17,2026-03-27 13:03:17
506,9,31,Recibida,2026-05-13 18:46:51,2026-05-14 18:46:51
507,4,118,Recibida,2026-04-05 12:40:48,2026-04-06 12:40:48
508,4,107,Recibida,2026-06-21 18:22:50,2026-06-24 18:22:50
509,3,30,Recibida,2026-05-19 17:48:20,2026-05-21 17:48:20
510,3,33,Recibida,2026-04-11 14:03:50,2026-04-12 14:03:50
511,9,26,Recibida,2026-05-03 09:10:35,2026-05-06 09:10:35
512,4,28,Recibida,2026-03-18 15:21:56,2026-03-22 15:21:56
513,7,110,Recibida,2026-05-07 12:07:27,2026-05-08 12:07:27
514,1,63,Recibida,2026-04-22 10:26:52,2026-04-24 10:26:52
515,1,14,Recibida,2026-05-15 19:53:20,2026-05-17 19:53:20
516,3,79,Recibida,2026-01-24 11:40:45,2026-01-26 11:40:45
517,3,61,Recibida,2026-01-19 10:25:47,2026-01-23 10:25:47
518,7,199,Recibida,2026-06-23 17:35:37,2026-06-26 17:35:37
519,1,190,Recibida,2026-03-11 16:50:49,2026-03-12 16:50:49
520,3,144,Recibida,2026-06-27 09:27:50,2026-06-30 09:27:50
521,7,90,Recibida,2026-05-03 16:07:51,2026-05-04 16:07:51
522,1,78,Recibida,2026-01-01 15:18:37,2026-01-04 15:18:37
523,2,102,Recibida,2026-05-15 14:15:49,2026-05-19 14:15:49
524,2,30,Recibida,2026-06-11 10:53:09,2026-06-13 10:53:09
525,2,66,Recibida,2026-04-02 16:23:34,2026-04-06 16:23:34
526,4,122,Recibida,2026-06-15 10:18:49,2026-06-19 10:18:49
527,9,10,Recibida,2026-06-07 10:00:35,2026-06-08 10:00:35
528,7,136,Recibida,2026-05-13 15:07:04,2026-05-17 15:07:04
529,7,43,Recibida,2026-01-04 10:01:39,2026-01-07 10:01:39
530,1,108,Recibida,2026-06-14 11:29:30,2026-06-16 11:29:30
531,4,54,Recibida,2026-03-14 19:12:44,2026-03-18 19:12:44
532,7,128,Recibida,2026-05-19 18:37:15,2026-05-21 18:37:15
533,4,22,Recibida,2026-02-10 19:15:37,2026-02-14 19:15:37
534,2,129,Recibida,2026-04-02 14:02:07,2026-04-05 14:02:07
535,9,48,Recibida,2026-06-23 18:53:28,2026-06-26 18:53:28
536,9,156,Recibida,2026-01-17 16:29:52,2026-01-18 16:29:52
537,7,192,Recibida,2026-05-19 16:24:21,2026-05-22 16:24:21
538,3,157,Recibida,2026-06-10 17:35:07,2026-06-12 17:35:07
539,9,161,Recibida,2026-02-14 09:27:45,2026-02-18 09:27:45
540,3,128,Recibida,2026-06-04 18:22:07,2026-06-06 18:22:07
541,1,114,Recibida,2026-06-02 09:55:33,2026-06-05 09:55:33
542,9,163,Recibida,2026-04-17 16:30:48,2026-04-19 16:30:48
543,4,17,Recibida,2026-02-22 13:16:22,2026-02-26 13:16:22
544,9,165,Recibida,2026-01-06 12:43:56,2026-01-10 12:43:56
545,1,171,Recibida,2026-03-25 08:42:18,2026-03-26 08:42:18
546,9,92,Recibida,2026-04-04 11:17:14,2026-04-07 11:17:14
547,7,195,Recibida,2026-01-06 15:11:50,2026-01-07 15:11:50
548,4,184,Recibida,2026-02-01 19:26:24,2026-02-05 19:26:24
549,3,20,Recibida,2026-05-21 18:12:36,2026-05-22 18:12:36
550,3,149,Recibida,2026-01-04 16:29:08,2026-01-05 16:29:08
551,3,50,Recibida,2026-05-10 08:36:53,2026-05-14 08:36:53
552,7,133,Recibida,2026-03-15 09:13:34,2026-03-19 09:13:34
553,4,25,Recibida,2026-01-13 09:36:12,2026-01-17 09:36:12
554,2,109,Recibida,2026-01-09 13:10:53,2026-01-13 13:10:53
555,3,27,Recibida,2026-05-23 09:08:23,2026-05-27 09:08:23
556,2,191,Recibida,2026-03-06 19:43:20,2026-03-10 19:43:20
557,9,66,Recibida,2026-01-04 12:59:42,2026-01-07 12:59:42
558,9,83,Recibida,2026-01-22 13:09:52,2026-01-26 13:09:52
559,2,90,Recibida,2026-06-13 12:37:23,2026-06-15 12:37:23
560,2,26,Recibida,2026-04-14 17:34:24,2026-04-17 17:34:24
561,7,131,Recibida,2026-04-22 11:23:28,2026-04-25 11:23:28
562,3,25,Recibida,2026-04-26 13:00:19,2026-04-29 13:00:19
563,2,190,Recibida,2026-01-08 19:57:11,2026-01-11 19:57:11
564,9,162,Recibida,2026-02-27 16:33:36,2026-03-01 16:33:36
565,2,21,Recibida,2026-01-23 17:06:51,2026-01-24 17:06:51
566,1,169,Recibida,2026-03-21 11:12:06,2026-03-25 11:12:06
567,9,68,Recibida,2026-03-08 08:22:24,2026-03-12 08:22:24
568,4,165,Recibida,2026-04-08 10:28:40,2026-04-09 10:28:40
569,3,99,Recibida,2026-05-15 19:22:43,2026-05-17 19:22:43
570,4,84,Recibida,2026-01-23 12:55:31,2026-01-27 12:55:31
571,3,115,Recibida,2026-04-22 16:16:58,2026-04-24 16:16:58
572,1,20,Recibida,2026-01-26 16:09:58,2026-01-27 16:09:58
573,3,74,Recibida,2026-05-21 15:39:03,2026-05-24 15:39:03
574,3,66,Recibida,2026-01-15 11:37:23,2026-01-17 11:37:23
575,9,93,Recibida,2026-01-14 09:25:48,2026-01-16 09:25:48
576,4,175,Recibida,2026-04-09 18:55:53,2026-04-10 18:55:53
577,2,47,Recibida,2026-03-02 17:20:45,2026-03-03 17:20:45
578,9,12,Recibida,2026-06-22 09:13:09,2026-06-24 09:13:09
579,3,170,Recibida,2026-06-06 15:43:44,2026-06-09 15:43:44
580,3,79,Recibida,2026-01-16 18:12:49,2026-01-19 18:12:49
581,1,99,Recibida,2026-01-16 11:34:59,2026-01-20 11:34:59
582,4,28,Recibida,2026-06-25 19:10:36,2026-06-26 19:10:36
583,3,124,Recibida,2026-06-22 09:25:05,2026-06-26 09:25:05
584,9,89,Recibida,2026-05-27 09:16:42,2026-05-30 09:16:42
585,2,105,Recibida,2026-02-02 14:07:12,2026-02-04 14:07:12
586,1,93,Recibida,2026-04-15 08:42:38,2026-04-16 08:42:38
587,4,45,Recibida,2026-02-22 13:43:08,2026-02-23 13:43:08
588,3,113,Recibida,2026-05-10 18:20:23,2026-05-12 18:20:23
589,9,164,Recibida,2026-02-23 15:47:26,2026-02-25 15:47:26
590,3,18,Recibida,2026-01-03 19:12:44,2026-01-05 19:12:44
591,7,169,Recibida,2026-06-24 14:26:33,2026-06-27 14:26:33
592,9,103,Recibida,2026-01-07 08:02:19,2026-01-11 08:02:19
593,2,26,Recibida,2026-03-03 08:38:26,2026-03-05 08:38:26
594,1,91,Recibida,2026-02-13 11:28:19,2026-02-14 11:28:19
595,9,157,Recibida,2026-04-01 09:00:57,2026-04-03 09:00:57
596,7,142,Recibida,2026-04-23 17:58:10,2026-04-24 17:58:10
597,9,178,Recibida,2026-02-01 08:21:33,2026-02-05 08:21:33
598,9,108,Recibida,2026-05-04 12:10:55,2026-05-07 12:10:55
599,4,49,Recibida,2026-04-26 10:18:44,2026-04-30 10:18:44
600,4,125,Recibida,2026-05-21 11:22:41,2026-05-25 11:22:41
601,2,165,Recibida,2026-05-08 16:47:18,2026-05-12 16:47:18
602,1,174,Recibida,2026-06-25 18:03:57,2026-06-28 18:03:57
603,9,173,Recibida,2026-01-03 15:26:39,2026-01-06 15:26:39
604,4,194,Recibida,2026-02-24 15:41:03,2026-02-27 15:41:03
605,9,78,Recibida,2026-01-23 12:55:51,2026-01-26 12:55:51
606,2,79,Recibida,2026-06-21 16:56:56,2026-06-25 16:56:56
607,2,94,Recibida,2026-05-25 17:39:06,2026-05-28 17:39:06
608,3,85,Recibida,2026-05-20 10:50:21,2026-05-23 10:50:21
609,9,96,Recibida,2026-06-19 11:46:40,2026-06-20 11:46:40
610,1,194,Recibida,2026-02-18 12:24:47,2026-02-21 12:24:47
611,2,63,Recibida,2026-06-16 18:46:53,2026-06-20 18:46:53
612,4,41,Recibida,2026-05-08 08:15:58,2026-05-11 08:15:58
613,4,26,Recibida,2026-03-02 16:16:10,2026-03-06 16:16:10
614,9,110,Recibida,2026-04-16 11:46:24,2026-04-19 11:46:24
615,7,136,Recibida,2026-06-17 08:24:50,2026-06-21 08:24:50
616,4,176,Recibida,2026-02-08 14:58:05,2026-02-09 14:58:05
617,9,82,Recibida,2026-05-25 08:33:58,2026-05-26 08:33:58
618,1,90,Recibida,2026-05-06 13:19:51,2026-05-07 13:19:51
619,4,24,Recibida,2026-01-12 14:00:16,2026-01-15 14:00:16
620,3,172,Recibida,2026-04-04 09:48:18,2026-04-07 09:48:18
621,3,68,Recibida,2026-06-26 08:13:33,2026-06-27 08:13:33
622,1,36,Recibida,2026-05-19 13:56:32,2026-05-20 13:56:32
623,1,52,Recibida,2026-06-08 10:18:11,2026-06-12 10:18:11
624,4,129,Recibida,2026-02-25 11:30:03,2026-03-01 11:30:03
625,2,193,Recibida,2026-06-19 16:36:07,2026-06-22 16:36:07
626,3,81,Recibida,2026-03-18 14:18:50,2026-03-20 14:18:50
627,9,36,Recibida,2026-04-01 08:11:52,2026-04-04 08:11:52
628,3,87,Recibida,2026-04-17 13:32:04,2026-04-18 13:32:04
629,4,121,Recibida,2026-05-22 15:58:32,2026-05-24 15:58:32
630,2,56,Recibida,2026-01-19 13:04:58,2026-01-21 13:04:58
631,2,156,Recibida,2026-04-01 11:53:06,2026-04-04 11:53:06
632,4,114,Recibida,2026-06-24 11:28:23,2026-06-26 11:28:23
633,4,15,Recibida,2026-01-08 17:28:09,2026-01-09 17:28:09
634,4,178,Recibida,2026-02-05 19:40:04,2026-02-07 19:40:04
635,1,19,Recibida,2026-01-27 08:11:06,2026-01-30 08:11:06
636,4,175,Recibida,2026-02-25 10:15:01,2026-03-01 10:15:01
637,9,29,Recibida,2026-06-26 18:54:38,2026-06-29 18:54:38
638,3,120,Recibida,2026-03-09 13:19:43,2026-03-12 13:19:43
639,1,19,Recibida,2026-02-21 09:21:02,2026-02-23 09:21:02
640,1,11,Recibida,2026-01-01 13:40:58,2026-01-05 13:40:58
641,4,62,Recibida,2026-05-04 08:18:25,2026-05-05 08:18:25
642,2,109,Recibida,2026-03-22 10:47:20,2026-03-25 10:47:20
643,3,16,Recibida,2026-02-25 19:00:48,2026-02-26 19:00:48
644,3,82,Recibida,2026-01-09 11:18:00,2026-01-11 11:18:00
645,2,154,Recibida,2026-05-14 17:31:31,2026-05-16 17:31:31
646,3,94,Recibida,2026-02-18 18:53:49,2026-02-21 18:53:49
647,1,163,Recibida,2026-01-15 11:28:58,2026-01-16 11:28:58
648,7,179,Recibida,2026-03-24 19:16:42,2026-03-25 19:16:42
649,3,56,Recibida,2026-02-20 15:38:48,2026-02-21 15:38:48
650,1,70,Recibida,2026-01-25 12:42:47,2026-01-27 12:42:47
651,4,103,Recibida,2026-02-03 17:32:10,2026-02-07 17:32:10
652,9,183,Recibida,2026-02-18 13:18:35,2026-02-21 13:18:35
653,1,17,Recibida,2026-03-10 13:00:54,2026-03-14 13:00:54
654,2,116,Recibida,2026-03-14 17:16:08,2026-03-15 17:16:08
655,2,46,Recibida,2026-01-07 08:59:27,2026-01-08 08:59:27
656,9,67,Recibida,2026-01-18 15:58:20,2026-01-20 15:58:20
657,3,123,Recibida,2026-03-27 19:37:57,2026-03-31 19:37:57
658,4,72,Recibida,2026-04-11 12:14:27,2026-04-13 12:14:27
659,2,144,Recibida,2026-06-11 17:56:12,2026-06-15 17:56:12
660,7,64,Recibida,2026-05-11 13:23:03,2026-05-15 13:23:03
661,2,47,Recibida,2026-03-14 13:49:56,2026-03-15 13:49:56
662,9,118,Recibida,2026-05-16 12:48:09,2026-05-20 12:48:09
663,3,149,Recibida,2026-04-19 10:03:04,2026-04-20 10:03:04
664,9,70,Recibida,2026-04-27 15:41:22,2026-04-28 15:41:22
665,2,41,Recibida,2026-02-20 15:24:44,2026-02-23 15:24:44
666,7,122,Recibida,2026-05-04 17:48:41,2026-05-06 17:48:41
667,2,178,Recibida,2026-05-09 13:50:44,2026-05-12 13:50:44
668,1,167,Recibida,2026-06-05 17:22:16,2026-06-09 17:22:16
669,9,169,Recibida,2026-01-22 16:28:46,2026-01-23 16:28:46
670,9,143,Recibida,2026-06-20 14:44:16,2026-06-23 14:44:16
671,7,135,Recibida,2026-04-18 13:53:32,2026-04-20 13:53:32
672,3,124,Recibida,2026-03-10 10:13:57,2026-03-12 10:13:57
673,2,176,Recibida,2026-04-02 16:41:27,2026-04-05 16:41:27
674,1,146,Recibida,2026-06-19 13:14:27,2026-06-23 13:14:27
675,4,166,Recibida,2026-01-01 10:02:09,2026-01-05 10:02:09
676,4,102,Recibida,2026-02-02 10:12:53,2026-02-03 10:12:53
677,4,26,Recibida,2026-05-16 08:52:28,2026-05-19 08:52:28
678,4,58,Recibida,2026-05-05 17:48:02,2026-05-08 17:48:02
679,1,140,Recibida,2026-05-01 08:16:42,2026-05-02 08:16:42
680,7,63,Recibida,2026-05-21 18:31:25,2026-05-25 18:31:25
681,7,95,Recibida,2026-04-09 15:55:00,2026-04-10 15:55:00
682,2,166,Recibida,2026-01-19 19:50:53,2026-01-20 19:50:53
683,1,148,Recibida,2026-03-19 09:40:44,2026-03-22 09:40:44
684,4,145,Recibida,2026-05-14 16:39:17,2026-05-17 16:39:17
685,3,88,Recibida,2026-06-06 19:46:56,2026-06-10 19:46:56
686,4,86,Recibida,2026-04-20 16:48:44,2026-04-22 16:48:44
687,9,76,Recibida,2026-05-22 11:28:58,2026-05-24 11:28:58
688,2,141,Recibida,2026-03-03 13:13:39,2026-03-06 13:13:39
689,1,167,Recibida,2026-03-20 18:57:30,2026-03-23 18:57:30
690,3,70,Recibida,2026-03-02 08:08:27,2026-03-05 08:08:27
691,9,121,Recibida,2026-01-04 15:08:57,2026-01-06 15:08:57
692,9,53,Recibida,2026-05-07 17:51:16,2026-05-10 17:51:16
693,3,143,Recibida,2026-05-27 14:27:08,2026-05-30 14:27:08
694,1,30,Recibida,2026-05-26 08:15:22,2026-05-29 08:15:22
695,2,179,Recibida,2026-02-04 17:36:52,2026-02-06 17:36:52
696,1,66,Recibida,2026-04-10 18:53:15,2026-04-14 18:53:15
697,4,53,Recibida,2026-05-27 09:29:29,2026-05-31 09:29:29
698,3,124,Recibida,2026-03-15 08:25:01,2026-03-17 08:25:01
699,2,47,Recibida,2026-02-23 09:31:48,2026-02-27 09:31:48
700,9,138,Recibida,2026-01-15 10:37:02,2026-01-17 10:37:02
701,9,164,Recibida,2026-06-13 19:20:57,2026-06-15 19:20:57
702,3,32,Recibida,2026-04-07 13:09:38,2026-04-08 13:09:38
703,3,170,Recibida,2026-06-24 11:57:36,2026-06-28 11:57:36
704,9,158,Recibida,2026-04-08 08:36:21,2026-04-10 08:36:21
705,4,185,Recibida,2026-03-15 12:59:55,2026-03-17 12:59:55
706,9,113,Recibida,2026-06-25 15:45:58,2026-06-29 15:45:58
707,7,191,Recibida,2026-05-06 09:01:07,2026-05-09 09:01:07
708,9,40,Recibida,2026-05-06 18:19:11,2026-05-09 18:19:11
709,9,22,Recibida,2026-03-10 10:44:26,2026-03-13 10:44:26
710,1,191,Recibida,2026-01-03 11:10:58,2026-01-04 11:10:58
711,2,161,Recibida,2026-03-16 12:34:21,2026-03-18 12:34:21
712,1,195,Recibida,2026-02-17 11:31:54,2026-02-20 11:31:54
713,7,77,Recibida,2026-03-03 12:20:09,2026-03-06 12:20:09
714,1,162,Recibida,2026-05-19 18:01:09,2026-05-20 18:01:09
715,2,192,Recibida,2026-04-16 10:22:23,2026-04-19 10:22:23
716,3,59,Recibida,2026-04-05 18:04:50,2026-04-06 18:04:50
717,7,23,Recibida,2026-04-22 08:41:19,2026-04-24 08:41:19
718,4,129,Recibida,2026-03-11 09:26:54,2026-03-13 09:26:54
719,1,98,Recibida,2026-03-21 19:04:22,2026-03-22 19:04:22
720,3,152,Recibida,2026-01-22 17:21:18,2026-01-23 17:21:18
721,9,183,Recibida,2026-04-22 13:49:46,2026-04-23 13:49:46
722,1,52,Recibida,2026-06-18 11:49:47,2026-06-19 11:49:47
723,1,165,Recibida,2026-04-08 13:19:29,2026-04-10 13:19:29
724,4,45,Recibida,2026-02-13 09:36:48,2026-02-15 09:36:48
725,1,159,Recibida,2026-06-26 18:07:43,2026-06-30 18:07:43
726,3,125,Recibida,2026-04-08 15:25:29,2026-04-09 15:25:29
727,1,190,Recibida,2026-06-11 14:15:44,2026-06-14 14:15:44
728,7,128,Recibida,2026-01-03 10:19:36,2026-01-05 10:19:36
729,3,62,Recibida,2026-01-08 12:29:45,2026-01-12 12:29:45
730,1,20,Recibida,2026-04-17 08:41:29,2026-04-18 08:41:29
731,1,29,Recibida,2026-02-18 14:43:57,2026-02-20 14:43:57
732,9,93,Recibida,2026-02-06 15:09:31,2026-02-10 15:09:31
733,3,65,Recibida,2026-03-05 16:39:07,2026-03-09 16:39:07
734,3,147,Recibida,2026-03-14 15:28:29,2026-03-18 15:28:29
735,9,35,Recibida,2026-04-17 11:12:31,2026-04-21 11:12:31
736,2,139,Recibida,2026-06-04 09:37:23,2026-06-07 09:37:23
737,2,161,Recibida,2026-03-14 12:37:09,2026-03-18 12:37:09
738,4,66,Recibida,2026-03-12 19:22:16,2026-03-13 19:22:16
739,9,98,Recibida,2026-02-21 15:33:08,2026-02-23 15:33:08
740,4,24,Recibida,2026-02-19 19:39:16,2026-02-22 19:39:16
741,1,91,Recibida,2026-05-17 16:39:19,2026-05-19 16:39:19
742,1,197,Recibida,2026-05-16 16:11:43,2026-05-18 16:11:43
743,3,196,Recibida,2026-01-03 09:15:54,2026-01-06 09:15:54
744,1,86,Recibida,2026-01-08 08:48:36,2026-01-10 08:48:36
745,7,86,Recibida,2026-01-26 13:03:59,2026-01-29 13:03:59
746,2,165,Recibida,2026-03-06 13:55:27,2026-03-07 13:55:27
747,9,175,Recibida,2026-03-13 13:33:15,2026-03-15 13:33:15
748,4,140,Recibida,2026-06-25 13:13:31,2026-06-28 13:13:31
749,9,199,Recibida,2026-03-12 08:58:30,2026-03-13 08:58:30
750,3,136,Recibida,2026-04-25 16:30:20,2026-04-27 16:30:20
751,3,90,Recibida,2026-06-04 17:49:48,2026-06-08 17:49:48
752,7,161,Recibida,2026-06-04 08:00:14,2026-06-05 08:00:14
753,2,81,Recibida,2026-02-08 09:26:44,2026-02-11 09:26:44
754,7,165,Recibida,2026-03-26 18:12:38,2026-03-27 18:12:38
755,7,39,Recibida,2026-01-16 14:01:53,2026-01-18 14:01:53
756,2,158,Recibida,2026-05-18 09:12:42,2026-05-19 09:12:42
757,3,117,Recibida,2026-01-08 10:51:14,2026-01-09 10:51:14
758,3,146,Recibida,2026-05-23 11:29:32,2026-05-24 11:29:32
759,4,18,Recibida,2026-06-15 08:43:34,2026-06-18 08:43:34
760,1,199,Recibida,2026-04-01 16:56:07,2026-04-05 16:56:07
761,1,148,Recibida,2026-04-01 18:39:41,2026-04-03 18:39:41
762,9,94,Recibida,2026-03-17 08:31:57,2026-03-18 08:31:57
763,1,63,Recibida,2026-06-22 09:37:36,2026-06-23 09:37:36
764,7,158,Recibida,2026-01-17 10:50:10,2026-01-21 10:50:10
765,1,26,Recibida,2026-03-02 15:18:38,2026-03-06 15:18:38
766,2,128,Recibida,2026-06-19 15:37:27,2026-06-21 15:37:27
767,7,52,Recibida,2026-05-19 11:03:21,2026-05-21 11:03:21
768,7,197,Recibida,2026-04-26 11:57:31,2026-04-27 11:57:31
769,1,37,Recibida,2026-06-19 17:59:34,2026-06-21 17:59:34
770,3,123,Recibida,2026-01-10 09:47:39,2026-01-11 09:47:39
771,3,40,Recibida,2026-04-06 19:26:08,2026-04-09 19:26:08
772,2,127,Recibida,2026-06-13 16:33:02,2026-06-15 16:33:02
773,1,76,Recibida,2026-02-09 17:19:39,2026-02-11 17:19:39
774,1,114,Recibida,2026-05-03 17:26:15,2026-05-04 17:26:15
775,4,93,Recibida,2026-05-12 17:46:33,2026-05-15 17:46:33
776,7,98,Recibida,2026-04-23 11:22:47,2026-04-26 11:22:47
777,7,125,Recibida,2026-02-03 17:20:24,2026-02-07 17:20:24
778,4,119,Recibida,2026-06-21 08:51:37,2026-06-22 08:51:37
779,4,142,Recibida,2026-04-15 16:20:23,2026-04-16 16:20:23
780,3,100,Recibida,2026-06-17 18:47:43,2026-06-20 18:47:43
781,1,49,Recibida,2026-02-21 19:34:21,2026-02-25 19:34:21
782,1,70,Recibida,2026-02-10 16:51:48,2026-02-14 16:51:48
783,1,111,Recibida,2026-05-26 12:54:36,2026-05-30 12:54:36
784,7,113,Recibida,2026-05-05 16:58:47,2026-05-07 16:58:47
785,4,132,Recibida,2026-04-19 18:27:43,2026-04-23 18:27:43
786,4,193,Recibida,2026-05-22 19:57:29,2026-05-23 19:57:29
787,2,49,Recibida,2026-02-23 11:24:11,2026-02-24 11:24:11
788,4,191,Recibida,2026-05-15 08:00:56,2026-05-18 08:00:56
789,9,17,Recibida,2026-02-21 08:21:37,2026-02-24 08:21:37
790,9,154,Recibida,2026-06-15 08:16:53,2026-06-17 08:16:53
791,9,152,Recibida,2026-06-17 13:34:45,2026-06-19 13:34:45
792,1,69,Recibida,2026-06-27 08:30:52,2026-07-01 08:30:52
793,7,171,Recibida,2026-06-05 13:57:48,2026-06-08 13:57:48
794,2,68,Recibida,2026-02-15 12:25:19,2026-02-17 12:25:19
795,2,22,Recibida,2026-02-18 11:16:56,2026-02-20 11:16:56
796,1,90,Recibida,2026-04-23 10:42:46,2026-04-27 10:42:46
797,4,185,Recibida,2026-03-19 11:35:34,2026-03-23 11:35:34
798,4,74,Recibida,2026-04-08 15:16:06,2026-04-11 15:16:06
799,2,77,Recibida,2026-03-04 13:57:13,2026-03-05 13:57:13
800,4,37,Recibida,2026-03-16 19:15:03,2026-03-17 19:15:03
801,1,168,Recibida,2026-05-02 10:53:07,2026-05-06 10:53:07
802,3,124,Recibida,2026-01-07 09:07:06,2026-01-11 09:07:06
803,4,123,Recibida,2026-02-25 10:29:09,2026-02-27 10:29:09
804,2,182,Recibida,2026-05-21 14:59:33,2026-05-24 14:59:33
805,3,102,Recibida,2026-05-06 15:57:45,2026-05-10 15:57:45
806,7,15,Recibida,2026-06-10 09:14:39,2026-06-12 09:14:39
807,3,90,Recibida,2026-03-03 17:10:42,2026-03-04 17:10:42
808,2,44,Recibida,2026-01-19 12:31:21,2026-01-23 12:31:21
809,1,12,Recibida,2026-06-01 11:21:47,2026-06-04 11:21:47
810,7,82,Recibida,2026-01-12 14:13:32,2026-01-14 14:13:32
811,2,34,Recibida,2026-02-19 12:46:51,2026-02-23 12:46:51
812,4,67,Recibida,2026-04-02 15:47:46,2026-04-03 15:47:46
813,3,57,Recibida,2026-06-23 16:24:13,2026-06-26 16:24:13
814,9,182,Recibida,2026-02-10 10:10:10,2026-02-11 10:10:10
815,2,84,Recibida,2026-01-02 19:56:41,2026-01-04 19:56:41
816,4,153,Recibida,2026-01-19 09:34:52,2026-01-22 09:34:52
817,4,85,Recibida,2026-06-25 19:42:46,2026-06-28 19:42:46
818,4,68,Recibida,2026-04-13 11:38:53,2026-04-15 11:38:53
819,2,72,Recibida,2026-03-27 15:06:46,2026-03-30 15:06:46
820,3,17,Recibida,2026-04-12 18:16:16,2026-04-16 18:16:16
821,3,110,Recibida,2026-05-26 11:27:53,2026-05-27 11:27:53
822,3,134,Recibida,2026-06-23 17:06:44,2026-06-27 17:06:44
823,1,115,Recibida,2026-05-03 11:46:45,2026-05-07 11:46:45
824,3,34,Recibida,2026-05-05 18:54:51,2026-05-06 18:54:51
825,4,191,Recibida,2026-06-04 09:21:31,2026-06-08 09:21:31
826,1,71,Recibida,2026-04-13 10:22:33,2026-04-14 10:22:33
827,3,82,Recibida,2026-06-04 13:51:51,2026-06-07 13:51:51
828,7,157,Recibida,2026-03-19 13:05:51,2026-03-22 13:05:51
829,2,84,Recibida,2026-01-04 09:17:04,2026-01-08 09:17:04
830,4,86,Recibida,2026-05-22 17:03:28,2026-05-26 17:03:28
831,1,168,Recibida,2026-02-09 17:30:06,2026-02-13 17:30:06
832,9,41,Recibida,2026-03-25 12:30:18,2026-03-28 12:30:18
833,3,26,Recibida,2026-02-27 11:09:01,2026-03-01 11:09:01
834,7,148,Recibida,2026-06-07 12:30:42,2026-06-11 12:30:42
835,3,104,Recibida,2026-05-04 14:25:46,2026-05-06 14:25:46
836,3,190,Recibida,2026-01-01 18:27:31,2026-01-02 18:27:31
837,3,28,Recibida,2026-02-07 09:41:23,2026-02-11 09:41:23
838,9,21,Recibida,2026-02-11 15:49:42,2026-02-14 15:49:42
839,7,153,Recibida,2026-03-10 18:48:53,2026-03-12 18:48:53
840,9,19,Recibida,2026-02-22 11:37:27,2026-02-23 11:37:27
841,7,127,Recibida,2026-04-10 15:32:12,2026-04-14 15:32:12
842,2,194,Recibida,2026-02-15 12:53:15,2026-02-16 12:53:15
843,4,169,Recibida,2026-04-18 18:26:40,2026-04-22 18:26:40
844,3,99,Recibida,2026-02-25 09:11:39,2026-02-26 09:11:39
845,3,75,Recibida,2026-01-10 16:33:47,2026-01-14 16:33:47
846,1,139,Recibida,2026-01-19 19:35:23,2026-01-21 19:35:23
847,9,165,Recibida,2026-01-14 09:28:14,2026-01-18 09:28:14
848,2,110,Recibida,2026-04-07 15:20:09,2026-04-09 15:20:09
849,2,45,Recibida,2026-02-24 09:57:11,2026-02-26 09:57:11
850,3,193,Recibida,2026-05-04 13:13:15,2026-05-05 13:13:15
851,1,160,Recibida,2026-01-01 11:19:17,2026-01-03 11:19:17
852,1,149,Recibida,2026-05-27 18:04:03,2026-05-28 18:04:03
853,3,154,Recibida,2026-01-13 14:13:06,2026-01-15 14:13:06
854,1,125,Recibida,2026-01-22 19:33:04,2026-01-23 19:33:04
855,1,26,Recibida,2026-03-14 18:32:52,2026-03-17 18:32:52
856,9,44,Recibida,2026-04-19 13:22:31,2026-04-23 13:22:31
857,4,182,Recibida,2026-05-09 13:24:30,2026-05-11 13:24:30
858,3,181,Recibida,2026-05-27 16:07:54,2026-05-28 16:07:54
859,2,25,Recibida,2026-03-07 13:23:10,2026-03-08 13:23:10
860,7,90,Recibida,2026-03-20 10:00:57,2026-03-21 10:00:57
861,1,170,Recibida,2026-02-20 13:07:28,2026-02-24 13:07:28
862,3,118,Recibida,2026-03-03 12:26:43,2026-03-07 12:26:43
863,1,111,Recibida,2026-04-09 14:03:50,2026-04-11 14:03:50
864,7,95,Recibida,2026-03-13 18:12:12,2026-03-17 18:12:12
865,1,51,Recibida,2026-04-20 12:44:21,2026-04-23 12:44:21
866,9,165,Recibida,2026-02-16 10:25:22,2026-02-19 10:25:22
867,1,21,Recibida,2026-01-20 15:18:47,2026-01-23 15:18:47
868,2,107,Recibida,2026-06-11 17:41:26,2026-06-14 17:41:26
869,7,179,Recibida,2026-03-19 13:45:51,2026-03-21 13:45:51
870,3,127,Recibida,2026-04-01 10:39:07,2026-04-04 10:39:07
871,2,119,Recibida,2026-03-07 11:24:11,2026-03-09 11:24:11
872,9,97,Recibida,2026-04-11 10:52:36,2026-04-13 10:52:36
873,3,127,Recibida,2026-01-13 16:53:53,2026-01-14 16:53:53
874,1,101,Recibida,2026-04-11 08:06:45,2026-04-13 08:06:45
875,3,120,Recibida,2026-06-09 14:44:22,2026-06-11 14:44:22
876,7,173,Recibida,2026-01-26 16:53:28,2026-01-29 16:53:28
877,1,167,Recibida,2026-06-14 10:29:27,2026-06-15 10:29:27
878,4,56,Recibida,2026-04-13 15:24:50,2026-04-15 15:24:50
879,7,16,Recibida,2026-05-22 11:57:37,2026-05-26 11:57:37
880,4,194,Recibida,2026-06-17 09:48:40,2026-06-19 09:48:40
881,7,190,Recibida,2026-05-18 13:26:51,2026-05-19 13:26:51
882,2,13,Recibida,2026-04-02 11:16:03,2026-04-05 11:16:03
883,9,161,Recibida,2026-01-07 09:08:34,2026-01-11 09:08:34
884,1,41,Recibida,2026-03-04 09:51:58,2026-03-07 09:51:58
885,1,56,Recibida,2026-06-25 09:27:59,2026-06-26 09:27:59
886,2,185,Recibida,2026-03-27 11:36:16,2026-03-30 11:36:16
887,3,45,Recibida,2026-01-04 13:10:01,2026-01-08 13:10:01
888,4,99,Recibida,2026-02-26 12:06:00,2026-03-01 12:06:00
889,2,28,Recibida,2026-02-13 13:05:43,2026-02-17 13:05:43
890,7,21,Recibida,2026-05-18 12:29:56,2026-05-20 12:29:56
891,3,38,Recibida,2026-06-27 14:08:53,2026-06-28 14:08:53
892,9,181,Recibida,2026-01-11 12:14:01,2026-01-15 12:14:01
893,3,175,Recibida,2026-06-18 10:06:42,2026-06-20 10:06:42
894,4,20,Recibida,2026-05-26 08:43:58,2026-05-29 08:43:58
895,9,31,Recibida,2026-04-27 09:03:48,2026-04-29 09:03:48
896,7,94,Recibida,2026-02-12 13:41:24,2026-02-15 13:41:24
897,1,128,Recibida,2026-03-16 14:27:31,2026-03-20 14:27:31
898,9,51,Recibida,2026-01-09 17:44:21,2026-01-13 17:44:21
899,9,132,Recibida,2026-05-27 17:58:38,2026-05-29 17:58:38
900,1,15,Recibida,2026-03-19 17:27:28,2026-03-22 17:27:28
901,1,145,Recibida,2026-04-15 13:12:28,2026-04-18 13:12:28
902,9,145,Recibida,2026-02-20 11:50:20,2026-02-23 11:50:20
903,9,80,Recibida,2026-05-03 16:59:13,2026-05-04 16:59:13
904,9,181,Recibida,2026-06-02 16:21:23,2026-06-03 16:21:23
905,7,59,Recibida,2026-01-10 18:15:45,2026-01-14 18:15:45
906,2,178,Recibida,2026-04-25 08:59:25,2026-04-27 08:59:25
907,9,180,Recibida,2026-04-25 14:42:05,2026-04-28 14:42:05
908,1,197,Recibida,2026-01-18 18:13:27,2026-01-20 18:13:27
909,7,77,Recibida,2026-01-19 15:26:31,2026-01-22 15:26:31
910,2,33,Recibida,2026-06-25 09:47:02,2026-06-27 09:47:02
911,4,120,Recibida,2026-06-13 12:24:19,2026-06-15 12:24:19
912,3,123,Recibida,2026-02-02 17:54:44,2026-02-04 17:54:44
913,9,35,Recibida,2026-01-23 18:18:34,2026-01-26 18:18:34
914,7,60,Recibida,2026-06-14 13:44:43,2026-06-18 13:44:43
915,1,91,Recibida,2026-03-23 13:22:55,2026-03-25 13:22:55
916,7,156,Recibida,2026-04-23 19:27:59,2026-04-26 19:27:59
917,1,107,Recibida,2026-04-27 11:48:36,2026-04-29 11:48:36
918,2,159,Recibida,2026-03-08 13:12:22,2026-03-12 13:12:22
919,3,192,Recibida,2026-04-16 10:59:44,2026-04-18 10:59:44
920,7,74,Recibida,2026-06-21 17:39:20,2026-06-22 17:39:20
921,2,86,Recibida,2026-06-23 10:22:42,2026-06-26 10:22:42
922,7,112,Recibida,2026-03-18 14:14:32,2026-03-19 14:14:32
923,1,179,Recibida,2026-03-13 19:17:23,2026-03-16 19:17:23
924,7,118,Recibida,2026-02-16 11:26:05,2026-02-19 11:26:05
925,9,186,Recibida,2026-01-21 17:39:47,2026-01-22 17:39:47
926,3,178,Recibida,2026-04-05 13:52:27,2026-04-06 13:52:27
927,1,47,Recibida,2026-02-25 17:49:40,2026-02-27 17:49:40
928,1,126,Recibida,2026-06-13 18:13:01,2026-06-17 18:13:01
929,7,125,Recibida,2026-03-01 15:18:17,2026-03-05 15:18:17
930,9,186,Recibida,2026-05-24 10:00:35,2026-05-25 10:00:35
931,9,156,Recibida,2026-04-11 09:24:15,2026-04-13 09:24:15
932,4,156,Recibida,2026-03-25 13:50:08,2026-03-26 13:50:08
933,4,98,Recibida,2026-01-02 19:39:54,2026-01-04 19:39:54
934,7,57,Recibida,2026-05-13 13:20:57,2026-05-15 13:20:57
935,3,27,Recibida,2026-03-07 17:09:29,2026-03-08 17:09:29
936,3,177,Recibida,2026-04-24 11:08:30,2026-04-27 11:08:30
937,1,130,Recibida,2026-01-13 16:25:03,2026-01-14 16:25:03
938,4,120,Recibida,2026-04-05 14:04:19,2026-04-08 14:04:19
939,9,104,Recibida,2026-02-13 11:41:44,2026-02-15 11:41:44
940,7,126,Recibida,2026-01-08 10:47:45,2026-01-12 10:47:45
941,9,21,Recibida,2026-03-03 12:41:12,2026-03-07 12:41:12
942,4,65,Recibida,2026-05-10 19:55:08,2026-05-14 19:55:08
943,9,188,Recibida,2026-04-23 14:39:38,2026-04-24 14:39:38
944,3,192,Recibida,2026-05-23 16:30:49,2026-05-27 16:30:49
945,3,115,Recibida,2026-01-13 09:24:12,2026-01-15 09:24:12
946,2,93,Recibida,2026-06-03 17:34:17,2026-06-06 17:34:17
947,2,120,Recibida,2026-05-19 13:58:59,2026-05-22 13:58:59
948,7,192,Recibida,2026-06-16 15:40:03,2026-06-19 15:40:03
949,2,58,Recibida,2026-03-23 08:18:37,2026-03-27 08:18:37
950,4,89,Recibida,2026-01-16 13:39:50,2026-01-20 13:39:50
951,1,19,Recibida,2026-04-19 17:16:44,2026-04-20 17:16:44
952,2,38,Recibida,2026-02-04 16:05:23,2026-02-06 16:05:23
953,1,35,Recibida,2026-06-25 14:16:45,2026-06-29 14:16:45
954,9,87,Recibida,2026-03-02 19:02:10,2026-03-04 19:02:10
955,2,68,Recibida,2026-03-26 12:53:55,2026-03-29 12:53:55
956,9,138,Recibida,2026-03-20 13:58:06,2026-03-21 13:58:06
957,1,140,Recibida,2026-05-08 15:53:03,2026-05-11 15:53:03
958,1,181,Recibida,2026-06-13 15:06:26,2026-06-14 15:06:26
959,4,72,Recibida,2026-01-27 18:41:52,2026-01-28 18:41:52
960,9,57,Recibida,2026-04-05 16:58:16,2026-04-08 16:58:16
961,9,70,Recibida,2026-03-20 10:51:13,2026-03-23 10:51:13
962,2,88,Recibida,2026-01-24 11:22:17,2026-01-26 11:22:17
963,1,199,Recibida,2026-06-27 09:35:54,2026-07-01 09:35:54
964,9,169,Recibida,2026-05-09 09:23:39,2026-05-13 09:23:39
965,2,88,Recibida,2026-06-20 08:12:00,2026-06-22 08:12:00
966,2,168,Recibida,2026-04-14 16:28:33,2026-04-16 16:28:33
967,2,139,Recibida,2026-05-25 13:13:07,2026-05-28 13:13:07
968,3,94,Recibida,2026-01-05 16:55:29,2026-01-06 16:55:29
969,4,131,Recibida,2026-05-21 13:34:36,2026-05-25 13:34:36
970,4,141,Recibida,2026-01-11 08:15:57,2026-01-14 08:15:57
971,7,78,Recibida,2026-05-07 09:29:05,2026-05-08 09:29:05
972,7,179,Recibida,2026-05-20 10:40:36,2026-05-24 10:40:36
973,2,31,Recibida,2026-01-02 16:42:35,2026-01-04 16:42:35
974,4,80,Recibida,2026-02-23 13:58:45,2026-02-24 13:58:45
975,9,91,Recibida,2026-01-01 08:23:03,2026-01-05 08:23:03
976,4,114,Recibida,2026-03-11 18:31:32,2026-03-15 18:31:32
977,7,22,Recibida,2026-04-06 09:22:49,2026-04-08 09:22:49
978,9,179,Recibida,2026-02-22 08:36:42,2026-02-25 08:36:42
979,2,107,Recibida,2026-01-15 09:22:53,2026-01-18 09:22:53
980,4,16,Recibida,2026-02-04 10:06:55,2026-02-06 10:06:55
981,7,61,Recibida,2026-06-22 17:00:03,2026-06-24 17:00:03
982,1,184,Recibida,2026-02-11 12:25:13,2026-02-12 12:25:13
983,3,164,Recibida,2026-04-10 10:55:50,2026-04-12 10:55:50
984,1,72,Recibida,2026-06-08 08:53:48,2026-06-09 08:53:48
985,2,135,Recibida,2026-01-23 19:34:29,2026-01-24 19:34:29
986,2,121,Recibida,2026-05-19 16:41:33,2026-05-20 16:41:33
987,7,119,Recibida,2026-02-23 17:16:37,2026-02-25 17:16:37
988,3,44,Recibida,2026-06-03 15:54:18,2026-06-04 15:54:18
989,9,74,Recibida,2026-02-01 11:20:28,2026-02-03 11:20:28
990,3,132,Recibida,2026-03-01 18:20:52,2026-03-05 18:20:52
991,7,109,Recibida,2026-05-22 15:25:15,2026-05-26 15:25:15
992,3,190,Recibida,2026-02-11 08:56:58,2026-02-14 08:56:58
993,2,87,Recibida,2026-04-15 09:45:44,2026-04-19 09:45:44
994,3,79,Recibida,2026-03-02 17:49:16,2026-03-03 17:49:16
995,9,67,Recibida,2026-06-09 11:00:53,2026-06-12 11:00:53
996,4,144,Recibida,2026-06-19 09:05:44,2026-06-20 09:05:44
997,9,64,Recibida,2026-04-27 17:32:14,2026-05-01 17:32:14
998,7,89,Recibida,2026-03-25 12:01:54,2026-03-27 12:01:54
999,9,43,Recibida,2026-06-23 17:34:14,2026-06-26 17:34:14
1000,4,41,Recibida,2026-01-09 16:22:06,2026-01-12 16:22:06
