ID Producto,Nombre Producto,Tipo,Costo Fijo,Stock Fisico,Stock Reservado,Receta BOM
1,Tablon de Madera,Insumo Básico,5000.0,1974,0,
2,Tornillos 10mm,Insumo Básico,5.0,1896,0,
3,Barniz,Insumo Básico,1200.0,1999,0,
4,Pegamento,Insumo Básico,300.0,1996,0,
5,Pata de Mesa,Articulo Fabricado,0.0,0,0,1: 1;2: 4
6,Tablero,Articulo Fabricado,0.0,0,0,1: 2;4: 1
7,Mesa Completa,Articulo Fabricado,0.0,3,0,6: 1;5: 4;2: 8
8,Silla,Articulo Fabricado,0.0,0,0,1: 2;2: 8;3: 1
9,escritorio,Articulo Fabricado,0.0,1,0,7: 1;8: 1
